<Customization level="" description="" product-version="23.203">
    <Table TableName="BAccount">
        <Column TableName="BAccount" ColumnName="UsrCustomerEmail" ColumnType="string" AllowNull="True" MaxLength="255" DecimalPrecision="0" DecimalLength="0" IsNewColumn="True" IsUnicode="True" />
    </Table>
    <File AppRelativePath="Bin\CustomerEmailProcess.dll" />
    <File AppRelativePath="Pages\EI\EI505050.aspx" />
    <File AppRelativePath="Pages\EI\EI505050.aspx.cs" />
    <SiteMapNode>
        <data-set>
            <relations format-version="3" relations-version="20190730" main-table="SiteMap">
                <link from="MUIScreen (NodeID)" to="SiteMap (NodeID)" />
                <link from="MUIWorkspace (WorkspaceID)" to="MUIScreen (WorkspaceID)" type="FromMaster" linkname="workspaceToScreen" split-location="yes" updateable="True" />
                <link from="MUISubcategory (SubcategoryID)" to="MUIScreen (SubcategoryID)" type="FromMaster" updateable="True" />
                <link from="MUITile (ScreenID)" to="SiteMap (ScreenID)" />
                <link from="MUIWorkspace (WorkspaceID)" to="MUITile (WorkspaceID)" type="FromMaster" linkname="workspaceToTile" split-location="yes" updateable="True" />
                <link from="MUIArea (AreaID)" to="MUIWorkspace (AreaID)" type="FromMaster" updateable="True" />
                <link from="MUIPinnedScreen (NodeID, WorkspaceID)" to="MUIScreen (NodeID, WorkspaceID)" type="WeakIfEmpty" isEmpty="Username" />
                <link from="MUIFavoriteWorkspace (WorkspaceID)" to="MUIWorkspace (WorkspaceID)" type="WeakIfEmpty" isEmpty="Username" />
            </relations>
            <layout>
                <table name="SiteMap">
                    <table name="MUIScreen" uplink="(NodeID) = (NodeID)">
                        <table name="MUIPinnedScreen" uplink="(NodeID, WorkspaceID) = (NodeID, WorkspaceID)" />
                    </table>
                    <table name="MUITile" uplink="(ScreenID) = (ScreenID)" />
                </table>
                <table name="MUIWorkspace">
                    <table name="MUIFavoriteWorkspace" uplink="(WorkspaceID) = (WorkspaceID)" />
                </table>
                <table name="MUISubcategory" />
                <table name="MUIArea" />
            </layout>
            <data>
                <SiteMap>
                    <row Position="21539" Title="Process Account Email" Url="~/Pages/EI/EI505050.aspx" ScreenID="EI505050" NodeID="c8878bfe-deb7-4675-b72d-5b69ff0b985a" ParentID="00000000-0000-0000-0000-000000000000" SelectedUI="E">
                        <MUIScreen IsPortal="0" WorkspaceID="d5cbc4c3-5f8b-40da-80c9-49897f1f74b8" Order="10" SubcategoryID="aaaaaaaa-aaaa-aaaa-aaaa-aaaaaaaaaaaa" />
                    </row>
                </SiteMap>
                <MUIWorkspace>
                    <row IsPortal="0" WorkspaceID="d5cbc4c3-5f8b-40da-80c9-49897f1f74b8" Order="147" Title="Receivables" Icon="add_circle" AreaID="338edf81-5456-4735-8601-b213458e93fe" ScreenID="WSAR0000" IsSystem="0">
                        <MUIFavoriteWorkspace IsPortal="0" Username="" IsFavorite="1" />
                    </row>
                </MUIWorkspace>
                <MUIArea>
                    <row IsPortal="0" AreaID="338edf81-5456-4735-8601-b213458e93fe" Order="10" Name="Financials" />
                </MUIArea>
            </data>
        </data-set>
    </SiteMapNode>
</Customization>